Coenti;Noenti;Cogrupo;Nogrupo;
;GENERAL REINSURANCE AG;     ;;
"";PATRIMONIAL DE SEGUROS GERAIS;     ;;
90057;URBANO CAPITALIZAÇÃO;     ;;
1234.56;UNIÃO AMERICANA DE CAPITALIZAÇÃO;     ;;
1234,56;SEGURADORA PONTUAL S/A;     ;;
"90054";CIA COLINA DE SEGUROS;     ;;
10/05/2025;EXSIPREV SISTEMA NACIONAL DE PREVIDÊNCIA PRIVADA;     ;;
90052;EQUITATIVA TERRESTRES ACIDENTES E TRANSPORTES;     ;;
90051;CAP PREVIDÊNCIA PRIVADA S/A;     ;;
90050;CIA INTERCONTINENTAL DE CAPITALIZAÇÃO;     ;;
90049;SDB COMPANHIA DE SEGUROS GERAIS;     ;;
90048;SABEMI SOCIEDADE DE APOSENTADORIA DE BENEFICÊNCIA;     ;;
90047;MONTEPAR SOCIEDADE PREVIDENCIARIA;     ;;
90046;PROVIDA S/A PREVIDÊNCIA PRIVADA;     ;;
90045;ARSEG-ASSOCIAÇÃO REEMBOLSÁVEL DE SEGURIDADE;     ;;
90044;CIA INSS DE SEGURIDADE SOCIAL;     ;;
90043;COLONIAL CIA NACIONAL DE SEGUROS GERAIS;     ;;
90042;CIA LIVERPOOL AND LONDON AND GLOBO INC. CO. LIMIT;     ;;
90041;MONTEVAN MONTEPIO BRASILEIRO;     ;;
90040;CRUZEIRO DO SUL CAPITALIZAÇÃO;     ;;
90039;CIA CENTRAL DE SEGUROS;     ;;
90038;RENDA S/A DE APOSENTADORIA E PENSÃO;     ;;
90037;INSTITUTO BRASILEIRO DE PREVIDÊNCIA PRIVADA S/A - IBRAPP;     ;;
90036;CIA DE SEGUROS UNIÃO NACIONAL S/A;     ;;
90035;COLUMBIA CIA NACIONAL DE SEGUROS GERAIS;     ;;
90034;PLANALTO CIA DE SEGUROS GERAIS;     ;;
90033;CIA REAL DE SEGUROS;     ;;
90032;INTERESTADUAL DE SEGUROS S/A;     ;;
90031;CIA INTERNACIONAL DE PREVIDÊNCIA PRIVADA;     ;;
90030;MONTEPIO NACIONAL DOS BANCÁRIOS;     ;;
90028;CIA SEGURADORA DOS PROPRIETÁRIOS DO BRASIL;     ;;
90027;PROTETORA-CIA SEG CONTRA ACID DE TRABALHO;     ;;
90026;ASSOCIAÇÃO BRASILEIRA DE PECULIOS-UNIÃO;     ;;
90025;CIA EQUITATIVA DOS ESTADOS UNIDOS DO BRASIL;     ;;
90024;CIA ESTADOS UNIDOS DE SEGUROS;     ;;
90023;CIA RIO GRANDENSE;     ;;
90022;CIA LEGAL AND GENERAL ASSURANCE SOCIETE LIMITED;     ;;
90021;SEGURANÇA INDUSTRIAL CIA NACIONAL DE SEGUROS;     ;;
90020;CIA VERA CRUZ;     ;;
90019;UNIÃO AMERICANA DE CAPITALIZAÇÃO S/A;     ;;
90018;CIA UBM DE SEGURIDADE SOCIAL;     ;;
90017;CIA DE SEGUROS MAR. E TER. NIÃO FLUMINENSE;     ;;
90016;PEAR ASSURANCE CIA LIMITED;     ;;
90015;PRUDENTIAL ASSURANCE CIA LIMITED;     ;;
90014;CIA SATURNIA CAPITALIZAÇÃO S/A;     ;;
90013;CIA PRUDENCIA DE CAPITALIZAÇÃO;     ;;
90011;CIA URBANIA DE CAPITALIZAÇÃO S/A;     ;;
90010;MAUÁ CAPITALIZAÇÃO S/A;     ;;
90009;CIA DE SEGUROS VITORIA;     ;;
90008;BRASILUSITANA CIA NACIONAL DE SEGUROS GERAIS;     ;;
90007;ALIANÇA RIO GRANDENSE DE SEGUROS GERAIS;     ;;
90006;CIA DE SEGUROS MARITMO E TERRESTRE INTEGRIDADE;     ;;
90005;CIA NACIONAL DE SEGUROS IPIRANGA;     ;;
90004;CIA NORDESTE DE SEGUROS;     ;;
90003;ANCHIETA CIA DE SEGUROS GERAIS;     ;;
90002;METROPOLE CIA NACIONAL DE SEGUROS DE ACIDENTES DE TRABALHO S/A;     ;;
90001;BRASIL LIBANO CIA DE SEGUROS GERAIS;     ;;
90000;CIA RENASCENÇA DE SEGUROS;     ;;
79863;LATIN AMERICA RE ADMINISTRAÇÃO E CORRETAGEM DE RESSEGUROS LTDA.;     ;;
79766;MDS RE CORRETORA DE RESSEGUROS LTDA.;     ;;
79553;PROMASS CORRETORA DE RESSEGUROS LTDA;     ;;
79006;LOCKTON RE BRASIL CORRETORA DE RESSEGUROS LTDA;     ;;
78999;ACRISURE BRASIL CORRETORA DE RESSEGUROS LTDA.;     ;;
78875;CAPITAL RE CORRETORA DE RESSEGUROS E SERVIÇOS LTDA.;     ;;
78816;INTER AEROSPACE CORRETORA DE SEGUROS LTDA.;     ;;
78778;ORYPABA RIO ADMINISTRAÇÃO E CORRETAGEM DE RESSEGUROS LTDA;     ;;
78743;AON BRASIL CORRETORA DE RESSEGUROS LTDA. (ANTIGA AON BENFIELD BRASIL CORRETORA DE RESSEGUROS LTDA.);     ;;
78271;JLT RE BRASIL ADMINISTRAÇÃO E CORRETAGEM DE RESSEGUROS LTDA;     ;;
78255;PECUS CORRETORA DE RESSEGUROS LTDA;     ;;
78182;MADALOZZO RE CORRETORA DE RESSEGUROS LTDA.;     ;;
77895;GALCORR CORRETORA DE RESSEGUROS LTDA;     ;;
77747;GALLAGHER RE LATIN AMERICA CORRETORA DE RESSEGUROS LTDA.;     ;;
77721;BENFIELD DO BRASIL CORRETORA DE RESSEGUROS LTDA.;     ;;
77704;U.S. RE DO BRASIL CORRETORA DE RESSEGUROS LTDA.;     ;;
77402;TRUSTER BRASIL CORRETAGEM DE RESSEGUROS LTDA.;     ;;
77089;BRIB CORRETORA DE RESSEGUROS LTDA;     ;;
77054;HOWDEN CORRETORA DE RESSEGUROS LTDA;     ;;
77003;BRAZIL RE CORRETORA DE RESSEGUROS LTDA.;     ;;
76767;ALPER RE CORRETORA DE RESSEGUROS LTDA.(EX-C6 SEG DO BRASIL CORRETORA DE RESSEGUROS LTDA.);     ;;
76503;HOWDEN RE CORRETORA DE RESSEGUROS LTDA. ;     ;;
76236;BMS BRASIL CORRETORA DE RESSEGUROS LTDA;     ;;
75957;INTER CORRETORA DE RESSEGUROS LTDA.;     ;;
75922;NMB BRASIL CORRETORA DE RESSEGUROS LTDA;     ;;
75825;QUALISEG BRASIL RE CORRETORA DE RESSEGUROS LTDA;     ;;
75761;BESSO RE BRASIL CORRETORA DE RESSEGUROS LTDA.;     ;;
75574;SAVE-RE BRASIL CORRETORA DE RESSEGUROS LTDA.;     ;;
75434;WILLIS CORRETORA DE RESSEGUROS LTDA.;     ;;
75001;CATALYST RE CORRETORA DE RESSEGUROS LTDA.;     ;;
74951;LENIX RE DO BRASIL CORRETORA DE RESSEGUROS LTDA;     ;;
74934;BTG PACTUAL CORRETORA DE RESSEGUROS LTDA.;     ;;
74926;ASSURE INTERNACIONAL CORRETAGEM DE RESSEGUROS LTDA;     ;;
74811;UIB RE BRASIL CORRETORA DE RESSSEGUROS LTDA;     ;;
74667;LOCKTON RE CORRETORA DE RESSEGUROS LTDA;     ;;
74381;ONEGLOBAL BRASIL CORRETORA DE RESSEGUROS LTDA;     ;;
73415;ARG BRASIL CORRETORA DE RESSEGUROS LTDA;     ;;
73296;BRISK RE CORRETORA DE RESSEGUROS LTDA.;     ;;
73067;KNW BROKERS CORRETORA DE RESSEGUROS LTDA. (ANTIGA AFL BRAZIL CORRETORA DE RESSEGUROS LTDA.);     ;;
72958;ARX-RE CORRETORA DE RESSEGUROS LTDA;     ;;
72877;CORMATT - CORRETORA DE RESSEGUROS LTDA.;     ;;
72796;ESPECIALIZADA RE CORRETORA DE RESSEGUROS;     ;;
72460;GLOBAL RISK BRASIL CORRETORA DE RESSEGUROS LTDA;     ;;
71625;CARPENTER MARSH FAC BRASIL CORRETORA DE RESSEGUROS LTDA.;     ;;
71498;ARTHUR J. GALLAGHER BRASIL CORRETORA DE RESSEGUROS LTDA.;     ;;
71439;MILLER DO BRASIL CORRETORA DE RESSEGUROS LTDA.;     ;;
71412;GALLAGHER BRASIL  CORRETORA DE RESSEGUROS LTDA.;     ;;
;BKS RE - CORRETORA DE RESSEGUROS LTDA.;     ;;
70939;NAUSCH HOGAN & MURRAY BRASIL CORRETORA DE RESSEGUROS LTDA;     ;;
70858;GUY CARPENTER & COMPANY CORRETORA DE RESSEGUROS LTDA.;     ;;
70211;PWS BRASIL CORRETORA DE RESSEGUROS LTDA;     ;;
70203;CIRCLES GROUP BRASIL CORRETORA DE RESSEGURO S.A;     ;;
70092;LOCKTON RE BRASIL CORRETORA DE RESSEGUROS LTDA;     ;;
70076;MEXBRIT BRASIL CORRETORA DE RESSEGUROS LTDA.;     ;;
67407;IBRACOR;     ;;
59986;ZURICH INSURANCE PUBLIC LIMITED COMPANY;     ;;
59889;FM INSURANCE COMPANY LIMITED;     ;;
59803;WESTPORT INSURANCE CORPORATION;     ;;
59765;FACTORY MUTUAL INSURANCE COMPANY;     ;;
59641;CONVEX INSURANCE UK LIMITED;     ;;
59609;SEGUROS INBURSA, S.A.;     ;;
59552;KB INSURANCE COMPANY LIMITED (ANTIGA LIG INSURANCE COMPANY LIMITED);     ;;
59536;COMPAGNIE FRANÇAISE D'ASSURANCE POUR LE COMMERCE EXTÉRIEUR - COFACE;     ;;
59277;ENEL INSURANCE N.V.;     ;;
59226;AXA XL  INSURANCE COMPANY UK LIMITED;     ;;
59137;SCOR SWITZERLAND AG;     ;;
59048;SAVA REINSURANCE COMPANY D.D.;     ;;
59005;SCOR SE;     ;;
58998;FIDELIDADE - COMPANHIA DE SEGUROS S.A.;     ;;
58921;UNITED STATES FIRE INSURANCE COMPANY;     ;;
58874;ZURICH INSURANCE COMPANY;     ;;
58815;AXIS RE LIMITED;     ;;
58807;AXA SA;     ;;
58777;GLACIER REINSURANCE AG;     ;;
58742;ODYSSEY AMERICA REINSURANCE CORPORATION;     ;;
58661;GENERALI ESPAÑA, S.A. DE SEGUROS Y REASEGUROS;     ;;
58645;SOLEN VERSICHERUNGEN AG;     ;;
58378;ALLIED WORLD ASSURANCE COMPANY (EUROPE) LIMITED (ANTIGA ALLIED WORLD ASSURANCE COMPANY (EUROPE) PUBLIC LIMITED COMPANY);     ;;
58360;OMNIUM REINSURANCE COMPANY S.A.;     ;;
58271;TOKIO MILLENNIUM RE (UK) LIMITED (NOVA DENOMINAÇÃO DE TOKIO MARINE GLOBAL LTD.);     ;;
58254;AMERICAN HOME ASSURANCE COMPANY;     ;;
58181;ARCH REINSURANCE COMPANY;     ;;
58173;IRONSHORE SPECIALTY INSURANCE COMPANY;     ;;
58076;THE TOA REINSURANCE COMPANY OF AMERICA;     ;;
58050;ALLIANZ  SE;     ;;
57959;SWISS RE CORPORATE SOLUTIONS LTD.;     ;;
57894;CONTINENTAL CASUALTY COMPANY;     ;;
57843;TRAVELERS CASUALTY AND SURETY COMPANY OF AMERICA;     ;;
57754;COFACE RE S.A.;     ;;
57746;AXA CORPORATE SOLUTIONS ASSURANCE;     ;;
57720;HANNOVER RÜCKVERSICHERUNG AG;     ;;
57703;GENERAL INSURANCE CORPORATION OF INDIA;     ;;
57665;TOKIO MARINE KILN INSURANCE LIMITED;     ;;
57495;SWISS RE EUROPE S.A.;     ;;
57461;SCHWEIZERISCHE NATIONAL - VERSICHERUNGS - GESELLSCHAFT AG ( INATIVA );     ;;
57401;AXA VERSIGHERUNG AG ;     ;;
57398;MARKEL INTERNATIONAL INSURANCE COMPANY LIMITED;     ;;
57134;ATRADIUS CRÉDITO Y CAUCIÓN S.A. DE SEGUROS Y REASEGUROS;     ;;
57088;SWISS RE FRANKONA RÜCKVERSICHERUNGS-AKTIENGESELLSCHAFT;     ;;
57053;SIRIUS AMERICA INSURANCE COMPANY (ATUAL DENOMINAÇÃO DA WHITE MOUNTAINS REINSURANCE COMPANY OF AMERICA);     ;;
57029;ENEL REINSURANCE - COMPAGNIA DI RIASSICURAZIONE S.P.A;     ;;
57002;MS AMLIN INSURANCE SE (NOVA DENOMINAÇÃO DE AMLIN INSURANCE SOCIETAS EUROPAEA);     ;;
56961;TALANX AG;     ;;
56928;AXA GLOBAL RE (ANTIGA AXA GLOBAL P&C);     ;;
56901;FEDERAL INSURANCE COMPANY;     ;;
56898;AXIS REINSURANCE COMPANY;     ;;
56847;W.R. BERKLEY INSURANCE (EUROPE) LIMITED;     ;;
56812;AXA FRANCE VIE;     ;;
56766;ASPEN INSURANCE UK LIMITED;     ;;
56723;GENERALI ITALIA S.P.A.;     ;;
56561;AWP P&C S.A.(ANTIGA AGA INTERNATIONAL S.A).;     ;;
56553;GENERAL REINSURANCE AG.;     ;;
56502;EULER HERMES NORTH AMERICA INSURANCE COMPANY;     ;;
56448;REASEGURADORA PATRIA S.A.;     ;;
56286;ALLIED WORLD ASSURANCE COMPANY (REINSURANCE) PLC (ANTIGA ALLIED WORLD ASSURANCE COMPANY (REINSURANCE) LIMITED);     ;;
56235;STARR INTERNATIONAL (EUROPE) LIMITED;     ;;
56120;BERKSHIRE HATHAWAY INTERNATIONAL INSURANCE LIMITED;     ;;
56090;AXA FRANCE IARD;     ;;
55956;AVIVA INSURANCE LIMITED;     ;;
55921;SOMPO JAPAN INSURANCE INC.(ATUAL DENOMINAÇÃO DE SOMPO JAPAN NIPPONKOA INSURANCE INC);     ;;
55891;DELCREDERE/DUCROIRE;     ;;
55875;COMPAÑIA ESPAÑOLA DE SEGUROS DE CRÉDITO A LA EXPORTACIÓN, SA.;     ;;
55760;DELTA LLOYD SCHADEVERZEKERING N.V.;     ;;
55735;PARIS RE S.A.;     ;;
55701;INSURANCE COMPANY OF GAZ INDUSTRY SOGAZ;     ;;
55573;HDI GLOBAL SE (ATUAL DENOMINAÇÃO DE HDI-GERLING INDUSTRIE VERSICHERUNG AG);     ;;
55549;UNIPOLSAI ASSICURAZIONI S.P.A.;     ;;
55514;NORWEGIAN HULL CLUB;     ;;
55433;IF P&C INSURANCE COMPANY LTD.;     ;;
55425;MS AMLIN AG;     ;;
55409;XL SPECIALTY INSURANCE COMPANY;     ;;
55093;MAPFRE GLOBAL RISKS, COMPAÑIA INTERNACIONAL DE SEGUROS Y REASEGUROS S.A;     ;;
55042;SWISS RE CORPORATE SOLUTIONS AMERICA INSURANCE CORPORATION;     ;;
55000;HOUSTON CASUALTY COMPANY;     ;;
54984;SCOR GLOBAL P&C SE;     ;;
54950;ASSICURAZIONI GENERALI S.P.A.;     ;;
54933;THE NEW INDIA ASSURANCE COMPANY LTD.;     ;;
54925;TOKIO MARINE & NICHIDO FIRE INSURANCE CO.,LTD.;     ;;
54810;MUNCHENER RUCKVERSICHERUNGS-GESSELLSCHAFT AKT. IN MUNCHEN;     ;;
54666;ACE PROPERTY AND CASUALTY INSURANCE COMPANY;     ;;
54569;NOVA CASIOPEA RE S.A.;     ;;
54534;SI INSURANCE (EUROPE) S.A.;     ;;
54488;CHUBB EUROPEAN GROUP SE;     ;;
54381;LIBERTY MUTUAL INSURANCE COMPANY;     ;;
54038;DEUTSCHE RUCKVERSICHERUNG AG;     ;;
53724;AWP HEALTH & LIFE S.A ;     ;;
53651;HELVETIA SCHWEIZERISCHE VERSICHERUNGSGESELLSCHAFT AG;     ;;
53635;MMA IARD S.A.;     ;;
53473;RENAISSANCERE EUROPE AG.;     ;;
53414;EXPORT DEVELOPMENT CANADA;     ;;
53384;ECCLESIASTICAL INSURANCE OFFICE PLC;     ;;
53295;PARTNERRE AMERICA INSURANCE COMPANY (ANTIGA PARIS RE AMERICA INSURANCE COMPANY);     ;;
53261;LLOYD´S;     ;;
53147;GOTHAER ALLGEMEINE VERSICHERUNG AG;     ;;
52965;QATAR INSURANCE COMPANY S.A.Q.;     ;;
52957;MITSUI SUMITOMO INSURANCE COMPANY OF AMERICA;     ;;
52922;AXA VERSICHERUNGEN AG;     ;;
52876;ATRADIUS REINSURANCE LIMITED;     ;;
52850;CNA INSURANCE COMPANY LIMITED;     ;;
52809;IF P&C INSURANCE LTD.;     ;;
52795;NAVIGATORS INSURANCE COMPANY;     ;;
52736;INFRASSURE LTD.;     ;;
52680;PLATINUM UNDERWRITERS REINSURANCE INC  (CANCELADO - PORTARIA SUSEP 6.037/2014);     ;;
52671;CAFASE ;     ;;
52540;VALIDUS REINSURANCE (SWITZERLAND), LTD.;     ;;
52469;XL INSURANCE COMPANY SE (ANTIGA XL INSURANCE COMPANY PLC);     ;;
52434;AMLIN EUROPE N.V. (ANTIGA  AMLIN CORPORATE INSURANCE N.V.);     ;;
52329;ECHO REINSURANCE LIMITED;     ;;
52272;AMTRUST SPECIALTY LIMITED;     ;;
52264;RGA REINSURANCE COMPANY;     ;;
52248;HOUSTON SPECIALTY INSURANCE COMPANY;     ;;
52078;STARSTONE SPECIALTY INSURANCE COMPANY (ATUAL DENOMINAÇÃO DE TORUS SPECIALTY INSURANCE COMPANY);     ;;
52060;KOREAN REINSURANCE COMPANY;     ;;
51977;NATIONAL LIABILITY & FIRE INSURANCE COMPANY;     ;;
51934;ENDURANCE WORLDWIDE INSURANCE LIMITED;     ;;
51888;CONVEX INSURANCE UK LIMITED;     ;;
51845;FIDELIS UNDERWRITING LIMITED;     ;;
51772;CAISSE CENTRALE DE REASSURANCE;     ;;
51748;R+V VERSICHERUNG AG;     ;;
51624;MAPFRE RE, COMPAÑIA DE REASEGUROS S.A.;     ;;
51616;EURASIA INSURANCE COMPANY JSC;     ;;
51578;HYUNDAI MARINE & FIRE INSURANCE COMPANY LIMITED;     ;;
51551;ENDURANCE ASSURANCE CORPORATION (ATUAL DENOMINAÇÃO DE ENDURANCE REINSURANCE CORPORATION OF AMERICA);     ;;
51497;EVEREST REINSURANCE COMPANY;     ;;
51438;HCC INTERNATIONAL INSURANCE COMPANY PLC;     ;;
51411;NEW REINSURANCE COMPANY (NOUVELLE COMPAGNIE DE RÉASSURANCES);     ;;
51276;ODYSSEY REINSURANCE COMPANY;     ;;
51063;SEOUL GUARANTEE INSURANCE COMPANY;     ;;
50938;BALOISE INSURANCE LTD;     ;;
50857;AGRINATIONAL INSURANCE COMPANY;     ;;
50822;ALLIANZ GLOBAL CORPORATE & SPECIALTY SE;     ;;
50806;AFRICAN REINSURANCE CORPORATION;     ;;
50768;GUARDIAN LIFE OF THE CARIBBEAN LIMITED;     ;;
50679;JOHN HANCOCK LIFE INSURANCE COMPANY (U.S.A);     ;;
50601;AMERICAN LIFE INSURANCE COMPANY;     ;;
50598;VHV ALLGEMEINE VERSICHERUNG AG;     ;;
50211;LIBERTY MUTUAL INSURANCE EUROPE SE (ANTIGA LIBERTY MUTUAL INSURANCE EUROPE LIMITED);     ;;
50202;SAMSUNG FIRE & MARINE INSURANCE CO., LTD.;     ;;
50121;TRANSATLANTIC REINSURANCE COMPANY;     ;;
50091;ARCH INSURANCE COMPANY ;     ;;
50075;SIRIUSPOINT INTERNATIONAL INSURANCE CORPORATION;     ;;
49760;AMERICAN HOME ASSURANCE COMPANY;     ;;
49131;ARCH REINSURANCE LTD.;     ;;
49000;GENERAL INSURANCE CORPORATION OF INDIA;     ;;
48879;GENERAL REINSURANCE AG;     ;;
48747;SWISS REINSURANCE AMERICA CORPORATION;     ;;
48275;ZURICH INSURANCE COMPANY;     ;;
48259;TRANSATLANTIC REINSURANCE COMPANY;     ;;
48186;MÜNCHENER RÜCKVERSICHERUNGS-GESELLSCHAFT AKTIENGESELLSCHAFT IN MÜNCHEN;     ;;
48178;RGA GLOBAL REINSURANCE COMPANY, LTD.;     ;;
47848;BERKLEY INSURANCE COMPANY;     ;;
47741;TOKIO MARINE & NICHIDO FIRE INSURANCE CO., LTD.;     ;;
47724;MITSUI SUMITOMO INSURANCE COMPANY, LIMITED;     ;;
47708;XL CATLIN INSURANCE COMPANY UK LIMITED (ANTIGA CATLIN INSURANCE COMPANY (UK) LTD);     ;;
47660;WESTPORT INSURANCE CORPORATION;     ;;
47406;FINANCIAL INSURANCE COMPANY LIMITED;     ;;
47082;HDI GLOBAL NETWORK AG;     ;;
46761;FEDERAL INSURANCE COMPANY;     ;;
46507;AXIS RE SE;     ;;
45951;ATRADIUS REINSURANCE DESIGNATED ACTIVITY COMPANY;     ;;
45926;ARDEN REINSURANCE COMPANY LTD. ( ANTIGA ARIEL REINSURANCE COMPANY LTD.);     ;;
45896;GARD MARINE & ENERGY LIMITED ;     ;;
45420;CATLIN RE SWITZERLAND LTD;     ;;
45004;ROYAL & SUN ALLIANCE INSURANCE PLC;     ;;
44938;FINANCIAL ASSURANCE COMPANY LIMITED;     ;;
44920;EVEREST REINSURANCE COMPANY;     ;;
44814;PARTNER REINSURANCE EUROPE SE (ANTIGA PARTNER REINSURANCE EUROPE PUBLIC LIMITED COMPANY);     ;;
44717;AFRICAN REINSURANCE CORPORATION;     ;;
44661;SCOR GLOBAL LIFE AMERICAS REINSURANCE COMPANY;     ;;
43419;STARR INSURANCE & REINSURANCE LIMITED;     ;;
43290;XL RE LATIN AMERICA LTD. (CANCELADA);     ;;
42951;TRANSAMERICA INTERNATIONAL RE (BERMUDA) LTD.;     ;;
42871;LIBERTY MUTUAL INSURANCE COMPANY;     ;;
42790;SWISS REINSURANCE COMPANY;     ;;
42684;ARGO RE LTD.;     ;;
42463;LLOYD´S;     ;;
42307;XL INSURANCE COMPANY SE;     ;;
42056;ATRADIUS CRÉDITO Y CAUCIÓN S.A. DE SEGUROS Y REASEGUROS;     ;;
41629;SCOR REINSURANCE COMPANY;     ;;
41491;HANNOVER RÜCK SE;     ;;
41432;ODYSSEY REINSURANCE COMPANY;     ;;
41416;FACTORY MUTUAL INSURANCE COMPANY;     ;;
41262;SCOR SE;     ;;
40851;CHUBB TEMPEST REINSURANCE LTD.;     ;;
40215;MAPFRE RE COMPAÑÍA DE REASEGUROS S.A.;     ;;
40207;ALLIANZ GLOBAL CORPORATE & SPECIALTY SE;     ;;
40126;XL RE EUROPE SE;     ;;
40096;TORUS SPECIALTY INSURANCE COMPANY;     ;;
39764;AUSTRAL RESSEGUROS ESPECIAIS S.A.;     ;;
38873;JUNTO RESSEGUROS S.A.;     ;;
38741;AIG RESSEGUROS BRASIL S.A.;     ;;
38270;SWISS RE BRASIL RESSEGUROS S/A;     ;;
38253;CHUBB RESSEGURADORA BRASIL S.A.;     ;;
37893;FM RESSEGUROS S.A. ;     ;;
37753;SOMPO RESSEGURADORA S.A.;     ;;
37729;MUNICH RE DO BRASIL RESSEGURADORA S.A.;     ;;
37052;BTG PACTUAL RESSEGURADORA S.A.;     ;;
36099;AXA XL RESSEGUROS S.A.;     ;;
34819;AUSTRAL RESSEGURADORA S.A.;     ;;
34665;XL RESSEGUROS BRASIL S.A.;     ;;
33294;MAPFRE RE DO BRASIL COMPANHIA DE RESSEGUROS                                                                                 ;     ;;
32875;ZURICH RESSEGURADORA BRASIL S.A.;     ;;
31623;IRB BRASIL RESSEGUROS S/A;     ;;
31551;SCOR BRASIL RESSEGUROS S.A.;     ;;
30201;TERRA BRASIS RESSEGUROS S.A.;     ;;
30074;ALLIANZ GLOBAL CORPORATE & SPECIALTY RESSEGUROS BRASIL S.A.;     ;;
29521;V. R. CAPITALIZAÇÃO S/A;     ;;
29319;SANTANDER CAPITALIZAÇÃO S.A.;     ;;
28932;RIO’S CAPITALIZAÇÃO S.A.;     ;;
28878;PORTO SEGURO CAPITALIZAÇÃO S.A.;     ;;
28258;MAPFRE CAPITALIZAÇÃO S.A.;     ;;
28134;HSBC FINANCIAL CAPITALIZAÇÃO (BRASIL) S.A.;     ;;
27995;HSBC CAPITALIZAÇÃO (BRASIL) S.A.;     ;;
27138;MOTRIN CAPITALIZAÇÃO S.A.;     ;;
26158;KIRTON CAPITALIZAÇÃO S.A.;     ;;
26026;LIDERANÇA CAPITALIZAÇÃO S/A;     ;;
25941;CAPITALIZA EMPRESA DE CAPITALIZAÇÃO S.A.;     ;;
25712;REAL CAPITALIZAÇÃO S/A;     ;;
25585;CNP CAPITALIZAÇÃO S/A;     ;;
25429;RIO GRANDE CAPITALIZAÇÃO  S.A.;     ;;
25003;COMPANHIA URANO DE CAPITALIZAÇÃO;     ;;
24872;XS4 CAPITALIZAÇÃO S.A.;     ;;
24813;APLICAP CAPITALIZAÇÃO S.A;     ;;
24015;EXCEL CAPITALIZAÇÃO S/A;     ;;
23566;BRADESCO CAPITALIZAÇÃO S.A.;     ;;
23540;VIA CAPITALIZAÇÃO S.A.;     ;;
23345;ATLÂNTICA CAPITALIZAÇÃO S.A.;     ;;
22926;BB CAPITALIZAÇÃO S.A.;     ;;
22896;ITAÚ CAPITALIZAÇÃO S.A.;     ;;
22764;CREFICAP CAPITALIZAÇÃO S.A.;     ;;
22683;ZURICH BRASIL CAPITALIZAÇÃO S.A.;     ;;
22268;AMÉRICA CAPITALIZAÇÃO S.A.;     ;;
22110;ALFA CAPITALIZAÇÃO S.A.;     ;;
21946;SUL AMÉRICA CAPITALIZAÇÃO S.A.(INATIVA);     ;;
21881;INTERUNION CAPITALIZAÇÃO S.A.;     ;;
21661;CIA. ITAÚ DE CAPITALIZAÇÃO;     ;;
21628;VANGUARDACAP CAPITALIZAÇÃO S.A.;     ;;
21491;CAPEMISA CAPITALIZAÇÃO S.A.;     ;;
21482;UNIBANCO CIA DE CAPITALIZAÇÃO;     ;;
21334;ICATU CAPITALIZAÇÃO S.A.;     ;;
21318;KOVR CAPITALIZAÇÃO S.A.;     ;;
20826;MONGERAL AEGON CAPITALIZAÇÃO S.A;     ;;
20621;BANDEIRANTES S/A CAPITALIZAÇÃO;     ;;
20451;MEGACAP CAPITALIZAÇÃO S.A. (ATUAL DENOMINAÇÃO DE GLOBAL CAPITALIZAÇÃO S.A.);     ;;
20281;HORIZONTE CAPITALIZAÇÃO S.A.;     ;;
20273;VALOR CAPITALIZAÇÃO S/A;     ;;
20141;BRASILCAP CAPITALIZAÇÃO S.A.;     ;;
19291;MAPFRE NOSSA CAIXA VIDA PREVIDÊNCIA S/A;     ;;
18813;MONTEPIO BENEFICENTE MONTESE;     ;;
18091;BOSTON PREVIDÊNCIA PRIVADA;     ;;
17728;MONTEPIO NACIONAL DOS TRABALHADORES NA INDÚSTRIA DE ENERGIA ELETRICA - MONTIENE;     ;;
17400;EVIDENCE PREVIDÊNCIA S.A.;     ;;
16764;MONTEPIO MFM ;     ;;
15806;THE FUJI FIRE & MARINE INSURANCE CO.;     ;;
15580;BMC PREVIDÊNCIA PRIVADA S.A.;     ;;
14818;UNIMED PREVIDÊNCIA PRIVADA S.A.;     ;;
14257;BP PREVIDÊNCIA PRIVADA S.A.;     ;;
12467;MATONE PREVIDÊNCIA PRIVADA S.A.;     ;;
11312;PACTUAL PREVID-NCIA PRIVADA S/A         ;     ;;
11304;LUTERPREV- ENTIDADE LUTERANA DE PREVIDÊNCIA;     ;;
11134;ASPECIR PREVIDÊNCIA;     ;;
11126;HOJE PREVIDÊNCIA PRIVADA;     ;;
11096;UPOFA - UNIÃO PREVIDENCIAL;     ;;
11088;FUTURO - PREVIDÊNCIA PRIVADA ;     ;;
11070;COMPREV PREVIDÊNCIA S.A. (ATUAL DENOMINAÇÃO DE UNIÃO PREVIDENCIÁRIA COMETA DO BRASIL);     ;;
11045;BRASILPREV PREVIDÊNCIA PRIVADA S/A.(dados até Maio/2002);     ;;
11037;SUL AMERICA PREVIDENCIA PRIVADA S/A     ;     ;;
11029;UNIÃO DE PREVIDÊNCIA S.A.;     ;;
10987;SOCIEDADE CAXIENSE DE MÚTUO SOCORRO - PREVIDÊNCIA PRIVADA;     ;;
10979;AUXILIADORA PREVIDÊNCIA;     ;;
10961;PREVICORP PREVIDÊNCIA PRIVADA;     ;;
10901;SABEMI PREVIDÊNCIA PRIVADA;     ;;
10898;RECÍPROCA ASSISTÊNCIA;     ;;
10855;COMPANHIA INTERNACIONAL DE PREVIDÊNCIA PRIVADA;     ;;
10847;PREVIMIL PREVIDÊNCIA COMPLEMENTAR S.A.;     ;;
10740;MONTEVAN PREVIDENCIA PRIVADA S/A (ATUAL CDI-CIA DE INVESTIMENTOS E PARTICIPAÇÕES);     ;;
10715;EMBRASIL PREVIDENCIA PRIVADA            ;     ;;
10707;MBM PREVIDÊNCIA COMPLEMENTAR;     ;;
10677;ARC PREVIDÊNCIA PRIVADA;     ;;
10669;RS PREVIDÊNCIA;     ;;
10634;MONGERAL PREVIDÊNCIA PRIVADA;     ;;
10596;PREVBRAS- SOCIEDADE NACIONAL DE PREVIDÊNCIA PRIVADA;     ;;
10472;GEPLAN SOCIEDADE DE PREVIDENCIA PRIVADA;     ;;
10448;GBOEX - GREMIO BENEFICENTE;     ;;
10413;FAMILIA BANDEIRANTE PREVIDÊNCIA PRIVADA ;     ;;
10405;EMPRESARIAL DE PREVIDÊNCIA PRIVADA;     ;;
10367;CREFISUL PREVIDÊNCIA PRIVADA S.A.        ;     ;;
10359;CORRFA PREVIDÊNCIA PRIVADA;     ;;
10332;COIFA PECÚLIOS E PENSÕES;     ;;
10235;CAPEMI-CX.PEC.PENS.E MONTEP.-BENEFICENTE;     ;;
10154;BBM-BRASIL PREVIDÊNCIA  PRIVADA  S/A;     ;;
10138;BAMÉRCIO S.A. PREVIDÊNCIA PRIVADA;     ;;
10120;EQUATORIAL PREVIDÊNCIA COMPLEMENTAR;     ;;
10103;ARCESP PREVIDÊNCIA PRIVADA;     ;;
10081;NEWPREV PREVIDÊNCIA PRIVADA S.A.;     ;;
10065;APLUB - ASSOCIAÇÃO DOS PROFISSIONAIS LIBERAIS UNIVERSITÁRIOS DO BRASIL;     ;;
10031;VIVER PREVIDÊNCIA;     ;;
10014;ACVAT- PREVIDENCIA S.A.;     ;;
9989;BANCO NACIONAL DA HABITAÇÃO;     ;;
9938;SAFRA VIDA E PREVIDÊNCIA S.A. ;     ;;
8826;AMAZONAS SEGURADORA S/A;     ;;
8737;AIG SEGUROS BRASIL S.A.;     ;;
8702;SUD AMERICA;     ;;
8141;CAIXA VIDA E PREVIDÊNCIA S.A.;     ;;
8052;SALUTAR SEGURADORA S/A;     ;;
8044;PORTO SEGURO-SEGURO SAÚDE S/A;     ;;
8036;ITAUSEG SAÚDE S/A;     ;;
8028;GRALHA AZUL SAÚDE S/A;     ;;
8001;MARÍTIMA SAÚDE SEGUROS S/A;     ;;
7382;FIDUCIA-COMPANHIA DE SEGUROS GERAIS;     ;;
7340;SEGURADORA AGROBANCO;     ;;
7323;SÃO PAULO SEGUROS S/A;     ;;
7269;COMPANHIA PATRIMONIAL DE SEGUROS GERAIS;     ;;
7102;CASTELLO COSTA COMPANHIA DE SEGUROS;     ;;
7056;COMPANHIA CENTRAL DE SEGUROS;     ;;
7048;COMPANHIA DE SEGUROS SUL AMERICANA INDUSTRIAL S/A;     ;;
7013;PARANÁ COMPANHIA DE SEGUROS (INAT);     ;;
7005;NOVA YORK COMPANHIA DE SEGUROS;     ;;
6998;CESCEBRASIL SEGUROS DE GARANTIAS E CRÉDITO S.A.;     ;;
6980;NOTRE DAME SEGURADORA S.A.;     ;;
6971;GOLDEN CROSS SEGURADORA  S/A;     ;;
6963;GNPP SEGURADORA S/A;     ;;
6955;COMPANHIA DE SEGUROS GRALHA AZUL;     ;;
6947;UNIMED SEGURADORA S.A.;     ;;
6939;SEGURADORA SEASUL S.A.;     ;;
6921;KOVR SEGURADORA S.A.;     ;;
6912;ITAUSEG SEGURADORA S.A.;     ;;
6904;SOMA SEGURADORA S/A;     ;;
6891;SAOEX S.A. SEGURADORA E PREVIDÊNCIA PRIVADA;     ;;
6882;COMPANHIA GERAL DE SEGUROS;     ;;
6874;SANTANDER BRASIL SEGUROS S/A - INATIVA;     ;;
6866;BRADESCO VIDA E PREVIDÊNCIA S.A.;     ;;
6858;MAPFRE AFFINITY SEGURADORA S.A.;     ;;
6840;UNIBANCO AIG PREVIDÊNCIA S/A;     ;;
6831;SINAF SEGUROS S.A.;     ;;
6823;LIDERANÇA SEGURADORA S/A;     ;;
6815;CIA ANCORA DE SEGUROS GERAIS;     ;;
6807;ABSOLUTA SEGUROS S/A  (EM APROVAÇÃO)  [ANTIGA ADRESS SEGS E PREV] ;     ;;
6793;GENTE SEGURADORA S.A.;     ;;
6785;BRASILSEG COMPANHIA DE SEGUROS;     ;;
6777;APS SEGURADORA S.A. ;     ;;
6769;UBF GARANTIAS & SEGUROS S.A.;     ;;
6751;SEGUROS SURA S.A.;     ;;
6742;COMPANHIA COLINA DE SEGUROS;     ;;
6734;AIG BRASIL COMPANHIA DE SEGUROS  ( INATIVA);     ;;
6726;RIO BRANCO SEGURADORA S/A.;     ;;
6718;MAPFRE SEGURADORA DE CRÉDITO À EXPORTAÇÃO S.A.;     ;;
6700;CIA DE SEGUROS MONARCA;     ;;
6696;AXA XL SEGUROS S.A.;     ;;
6688;COMPANHIA DE SEGUROS DO ESTADO DE SÃO PAULO - COSESP;     ;;
6670;VISCONDE DE ITABORAÍ COMPANHIA DE SEGUROS GERAIS;     ;;
6661;NOVA YORK CIA DE SEGUROS;     ;;
6653;TOO SEGUROS S.A.;     ;;
6645;CIA REAL BRASILEIRA DE SEGUROS          ;     ;;
6637;INTER-CONTINENTAL SEGURADORA S/A;     ;;
6629;AJAX CIA NACIONAL DE SEGUROS;     ;;
6611;BEMGE SEGURADORA S/A;     ;;
6602;MITSUI SUMITOMO SEGUROS S.A.;     ;;
6572;HDI SEGUROS S.A.;     ;;
6564;ZURICH SANTANDER BRASIL SEGUROS S.A.;     ;;
6556;SUL AMERICA SEGUROS GERAIS S/A;     ;;
6548;CARDIF DO BRASIL VIDA E PREVIDÊNCIA S/A;     ;;
6530;VIRGINIA SURETY COMPANHIA DE SEGUROS DO BRASIL ;     ;;
6521;CAIXAGERAL S/A SEGURADORA;     ;;
6513;CHUBB SEGUROS BRASIL S.A.;     ;;
6505;BRASLUZITANA;     ;;
6491;ALVORADA VIDA S.A.;     ;;
6483;XL INSURANCE (BRAZIL) SEGURADORA S/A;     ;;
6475;SUL AMERICA AETNA CIA.NACIONAL DE SEGUROS E  PREVIDÊNCIA;     ;;
6467;ALFA SEGURADORA S.A.;     ;;
6459;CIA DE SEGUROS TRANQUILIDADE- BRASIL;     ;;
6441;SAFRA SEGURADORA S.A.;     ;;
6432;NATIONALE NEDERLANDEN LEVENSVERZEKERING;     ;;
6424;SDB CIA SEGUROS GERAIS;     ;;
6416;YASUDA SEGUROS S.A.;     ;;
6408;CIGNA COMPANHIA DE SEGUROS;     ;;
6394;ITAUPREV VIDA E PREVIDÊNCIA S/A ;     ;;
6386;ATLANTICA SEGUROS S/A;     ;;
6378;VIDA SEGURADORA S.A.;     ;;
6360;KYOEI DO BRASIL COMPANHIA DE SEGUROS;     ;;
6351;METROPOLITAN LIFE SEGUROS E PREVIDÊNCIA ;     ;;
6343;SOL DE SEGUROS S.A;     ;;
6335;SEGURADORA BRASILEIRA DE CRÉDITO À EXPORTAÇÃO S.A.;     ;;
6327;PLANALTO COMPANHIA DE SEGUROS GERAIS;     ;;
6319;COMPANHIA REAL DE SEGUROS;     ;;
6301;RIO GRANDE SEGUROS E PREVIDÊNCIA S.A.;     ;;
6297;AIG LIFE COMPANHIA DE SEGUROS ;     ;;
6289;AUREA SEGURADORA;     ;;
6271;SUDAMERIS VIDA E PREVIDÊNCIA S/A  ;     ;;
6246;SUL AMÉRICA AETNA SEGUROS E PREVIDÊNCIA S/A;     ;;
6238;MAPFRE SEGUROS GERAIS S.A.;     ;;
6220;SUL AMÉRICA SEGUROS DE PESSOAS E PREVIDÊNCIA S.A.;     ;;
6211;ALIANÇA DO BRASIL SEGUROS S.A;     ;;
6203;ZURICH BRASIL SEGUROS S.A.;     ;;
6190;TOKIO MARINE SEGURADORA S.A. ;     ;;
6181;BRASILVEÍCULOS COMPANHIA DE SEGUROS;     ;;
6173;KOVR PREVIDÊNCIA S.A;     ;;
6165;SEGURADORA MINEIRA S.A.;     ;;
6157;ZURICH BRASIL VIDA E PREVIDÊNCIA S.A.;     ;;
6149;TREVO S/A SEGUROS E PREVIDÊNCIA PRIVADA;     ;;
6131;COMPANHIA MUTUAL DE SEGUROS;     ;;
6122;FATOR SEGURADORA S/A ;     ;;
6114;ITATIAIA SEGUROS S/A;     ;;
6106;KIRTON SEGUROS S.A.;     ;;
6092;NOVO HAMBURGO CIA. DE SEGUROS GERAIS;     ;;
6084;MBM SEGURADORA S.A.;     ;;
6076;MUNDIAL SEGURADORA S/A;     ;;
6068;SANTOS SEGURADORA S.A.;     ;;
6050;MAXLIFE SEGURADORA DO BRASIL S.A.;     ;;
6041;PARANÁ COMPANHIA DE SEGUROS;     ;;
6033;PORTO SEGURO VIDA E PREVIDÊNCIA S/A.;     ;;
6025;CARIOCA SEGURADORA S/A;     ;;
6017;CENTAURO VIDA E PREVIDÊNCIA S. A. ;     ;;
6009;BANERJ SEGUROS S/A;     ;;
5991;SWISS RE CORPORATE SOLUTIONS BRASIL SEGUROS S.A.;     ;;
5983;UNIBANCO AIG SEGUROS S/A;     ;;
5975;BCN SEGURADORA S.A.;     ;;
5967;AVS SEGURADORA S/A;     ;;
5959;SEGURANÇA CIA DE SEGUROS E PREVIDENCIA  ;     ;;
5941;ZURICH BRASIL COMPANHIA DE SEGUROS;     ;;
5932;ATLANTICA - BRADESCO SEGUROS S.A;     ;;
5924;COMPANHIA DE SEGUROS RIO BRANCO;     ;;
5916;REAL SEGURADORA S.A.;     ;;
5908;GENERALI  BRASIL  SEGUROS S.A.;     ;;
5894;PATRIA CIA BRASILEIRA SEGUROS GERAIS;     ;;
5886;PORTO SEGURO COMPANHIA DE SEGUROS GERAIS;     ;;
5878;SULINA SEGURADORA S/A;     ;;
5860;CATARINENSE DE SEGUROS S/A;     ;;
5851;CASTELO COSTA CIA DE SEGUROS;     ;;
5843;INDIANA SEGUROS S.A.;     ;;
5835;BAMERINDUS VIDA S/A;     ;;
5827;FINANCIAL SEGUROS GERAIS S/A;     ;;
5819;ALLSEG SEGURADORA S.A.;     ;;
5801;TREVO SEGURADORA S/A;     ;;
5789;AMIL SEGURADORA S/A;     ;;
5771;COMPANHIA INTERESTADUAL DE SEGUROS;     ;;
5762;SANTOS CIA DE SEGUROS;     ;;
5754;NOBRE SEGURADORA DO BRASIL S.A.;     ;;
5746;TREVO BANORTE SEGURADORA S/A ;     ;;
5738;FINANCIAL CIA DE SEGUROS;     ;;
5720;SOMPO SEGUROS S.A.;     ;;
5711;BRADESCO  SAUDE S.A;     ;;
5690;COMPANHIA EXCELSIOR DE SEGUROS;     ;;
5681;SUL AMERICA BANDEIRANTE SEGUROS S/A;     ;;
5673;ITABORAÍ SEGUROS S/A;     ;;
5665;MAPFRE VIDA S.A.;     ;;
5657;VANGUARDA COMPANHIA DE SEGUROS GERAIS;     ;;
5649;CGU COMPANHIA DE SEGUROS;     ;;
5631;CAIXA SEGURADORA S.A.;     ;;
5622;BRASILSAÚDE COMPANHIA DE SEGUROS;     ;;
5614;SUL AMÉRICA SANTA CRUZ SEGUROS S/A;     ;;
5606;ARBI SEGUROS S/A;     ;;
5592;TOTAL SEGURADORA S/A;     ;;
5584;MULTIPLIC COMPANHIA DE SEGUROS;     ;;
5576;CRUZEIRO DO SUL - COMPANHIA SEGURADORA;     ;;
5568;SAFRA CIA DE SEGUROS;     ;;
5550;SEGURADORA INDUSTRIAL E MERCANTIL S/A;     ;;
5541;CCF BRASIL SEGUROS S.A. (HSBC SAÚDE S.A.) MUDOU DE DENOMINAÇÃO PARA HSBC EMPRESA DE CAPITALIZAÇÃO (BRASIL) S.A.;     ;;
5533;ATLÂNTICA COMPANHIA DE SEGUROS;     ;;
5525;INTERBRAZIL SEGURADORA S/A;     ;;
5509;DELFIN SEGURADORA S/A;     ;;
5495;ZURICH MINAS BRASIL SEGUROS S.A. ;     ;;
5487;SANTANDER BRASIL SEGUROS S/A - INATIVA;     ;;
5479;APLUB SEGUROS S/A;     ;;
5461;ATLANTICA - BRADESCO CIA DE SEGUROS;     ;;
5452;FORTALEZA CIA NACIONAL DE SEGUROS;     ;;
5436;JUNTO SEGUROS S.A.;     ;;
5428;MARTINELLI SEGURADORA S/A;     ;;
5410;NOVO MUNDO;     ;;
5401;PQ SEGUROS S.A.;     ;;
5398;ALIANCA RIO GRANDENSE COMPANHIA DE SEGUROS GERAIS;     ;;
5363;MERIDIONAL COMPANHIA DE SEGUROS GERAIS;     ;;
5355;AZUL COMPANHIA DE SEGUROS GERAIS;     ;;
5347;EDEL SEGURADORA S.A.                    ;     ;;
5321;ITAU SEGUROS S.A.;     ;;
5312;BRADESCO AUTO/RE COMPANHIA DE SEGUROS;     ;;
5304;COMPANHIA INTERNACIONAL DE SEGUROS;     ;;
5291;SÃO PAULO CIA NACIONAL DE SEGUROS GERAIS;     ;;
5282;PRUDENTIAL DO BRASIL SEGUROS DE VIDA S.A;     ;;
5274;BANESTES SEGUROS S.A.;     ;;
5266;MOTOR UNION SEGUROS S/A;     ;;
5258;HABITASUL SEGURADORA S/A;     ;;
5240;SUL AMERICA TERRESTRES,MARÍTIMOS E ACIDENTES CIA DE SEGUROS;     ;;
5231;BCS SEGUROS S.A.;     ;;
5223;GNPP - PROVIDA SEGURADORA S/A;     ;;
5215;ITAÚ VIDA E PREVIDÊNCIA S.A. (INATIVA);     ;;
5207;CIA SUL BRASIL DE SEGUROS TERR E MAR;     ;;
5193;COMPANHIA DE SEGUROS PREVIDÊNCIA DO SUL - PREVISUL;     ;;
5185;YELUM SEGUROS S.A. ;     ;;
5177;ALLIANZ SEGUROS S.A.;     ;;
5169;SAU SEGUROS E PREVIDENCIA S/A;     ;;
5151;TOKIO MARINE BRASIL SEGURADORA S.A.;     ;;
5142;ICATU SEGUROS S.A;     ;;
5134;EQUITATIVA DOS ESTADOS UNIDOS DO BRASIL;     ;;
5126;UNIVERSAL COMPANHIA DE SEGUROS GERAIS;     ;;
5118;TRADITIO COMPANHIA DE SEGUROS;     ;;
5100;COMERCIAL DO PARA COMPANHIA DE SEGUROS;     ;;
5096;ITAÚ VIDA E PREVIDÊNCIA S/A;     ;;
5088;BS SEGURO DE VIDA S/A;     ;;
5070;ZURICH SANTANDER BRASIL SEGUROS E PREVIDÊNCIA S.A.;     ;;
5061;SEGURADORA OCEÂNICA S/A;     ;;
5053;CONFIANÇA CIA DE SEGUROS;     ;;
5045;COMPANHIA DE SEGUROS ALIANÇA DA BAHIA;     ;;
5037;SUL AMERICA UNIBANCO SEGURADORA S/A;     ;;
5011;CHUBB DO BRASIL CIA DE SEGUROS;     ;;
5002;FEDERAL DE SEGUROS S.A.;     ;;
4987;EURE-EXTERIOR;     ;;
4952;SUHAI SEGURADORA S.A. ;     ;;
4936;COMPANHIA CAPITAL DE SEGUROS - MICROSSEGURADORA;     ;;
4928;STARR INTERNATIONAL BRASIL SEGURADORA S.A.;     ;;
4871;VOTORANTIM SEGUROS E PREVIDÊNCIA S/A;     ;;
4812;EULER HERMES SEGUROS DE CRÉDITO À EXPORTAÇÃO S.A.;     ;;
4782;NEWE SEGUROS S.A.;     ;;
4740;KIRTON VIDA  E PREVIDÊNCIA S.A.;     ;;
4715;CREFISA SEGUROS S.A. ;     ;;
4707;BRASILPREV SEGUROS E PREVIDÊNCIA S/A(dados a partir de Junho/2002);     ;;
4669;FAIRFAX BRASIL SEGUROS CORPORATIVOS S.A;     ;;
4634;PATER SEGUROS S.A.;     ;;
4618;ITAÚ UNIBANCO SEGUROS CORPORATIVOS S.A. (INATIVA);     ;;
4600;BVIX SEGURADORA S.A.;     ;;
4570;IZA SEGURADORA S.A.;     ;;
4561;BRASILPREV NOSSO FUTURO SEGUROS E PREVICÊNCIA S.A. (ATUAL DENOMINAÇÃO DE MAPFRE NOSSA CAIXA VIDA E PREVIDÊNCIA S.A.);     ;;
4537;DARWIN SEGUROS S.A.;     ;;
4481;DASSEG SEGUROS S.A.;     ;;
4421;XS2 VIDA E PREVIDÊNCIA S.A.;     ;;
4383;180 SEGUROS S.A.;     ;;
4367;PRUDENTIAL DO BRASIL SEGUROS S.A.;     ;;
4359;EULER HERMES SEGUROS S.A.;     ;;
4251;CAPEMISA SEGURADORA DE VIDA E PREVIDÊNCIA S/A;     ;;
4227;STG SEGUROS S.A.;     ;;
4111;JNS SEGURADORA S.A.;     ;;
4031;XP VIDA E PREVIDÊNCIA S.A.;     ;;
3964;LIBERTY MUTUAL SURETY BRASIL SEGUROS S.A. ;     ;;
3956;FAM SEGURADORA DE CRÉDITO E GARANTIA S.A.;     ;;
3948;SEGURADORA S.A. INFINITE;     ;;
3816;REAL SEGUROS VIDA E PREVIDÊNCIA S.A. (ATUAL DENOMINAÇÃO DE REAL TOKIO MARINE VIDA E PREVIDÊNCIA S.A.);     ;;
3794;BS2 SEGUROS S.A.;     ;;
3786;ARCA SEGURADORA S.A;     ;;
3727;FAIRWAY SEGUROS S.A. ;     ;;
3671;USEBENS SEGUROS S.A.;     ;;
3654;SICOOB SEGURADORA DE VIDA E PREVIDÊNCIA S.A.;     ;;
3646;EZZE SEGUROS S.A.;     ;;
3638;SKY SEGURADORA S.A. - MICROSSEGURADORA;     ;;
3603;SIMPLE2U SEGUROS S.A.;     ;;
3531;ZEMA SEGUROS S.A. ;     ;;
3476;XS3 SEGUROS S.A.;     ;;
3417;BMG SEGURADORA S.A.;     ;;
3387;ANGELUS SEGUROS S.A.;     ;;
3328;COFACE DO BRASIL SEGUROS DE CRÉDITO S/A;     ;;
3298;MAPFRE PREVIDÊNCIA S.A.;     ;;
3271;SEGURADORA LÍDER DO CONSÓRCIO DO SEGURO DPVAT S.A.;     ;;
3263;PIER SEGURADORA S.A.;     ;;
3221;ANDRINA SOCIEDADE SEGURADORA DE PROPOSITO ESPECIFICO S.A;     ;;
3182;ITAU SEGUROS DE AUTO E RESIDÊNCIA S.A.;     ;;
3166;METLIFE VIDA E PREVIDÊNCIA S.A.   ;     ;;
3140;PREVIMIL VIDA E PREVIDÊNCIA S.A.;     ;;
3123;VERBIN SEGUROS S.A. ;     ;;
3093;CONSÓRCIO DO SEGURO DPVAT;     ;;
3069;POTTENCIAL SEGURADORA S.A.;     ;;
3034;ECC DO BRASIL PARTICIPAÇÕES S.A. (ATUAL DENOMINAÇÃO DE ECC DO BRASIL CIA DE SEGUROS);     ;;
2968;GAZIN SEGUROS S.A.;     ;;
2950;SANCOR SEGUROS DO BRASIL S.A.;     ;;
2933;CARDIF DO BRASIL SEGUROS E GARANTIAS S.A.;     ;;
2925;MASTERS SEGURADORA S.A.;     ;;
2895;ALFA PREVIDÊNCIA E VIDA S.A.;     ;;
2879;COMPREV SEGURADORA S.A.;     ;;
2852;AXA SEGUROS S.A.;     ;;
2801;UNIÃO SEGURADORA S.A. - VIDA E PREVIDÊNCIA ;     ;;
2798;AKAD SEGUROS S.A.;     ;;
2771;SUDASEG SEGURADORA DE DANOS E PESSOAS S.A. ;     ;;
2763;CESCEBRASIL SEGUROS DE CRÉDITO S.A.;     ;;
2747;GALÁPAGOS CAPITAL SOCIEDADE SEGURADORA DE PROPÓSITO ESPECÍFICO S.A.;     ;;
2739;AGÊNCIA BRASILEIRA GESTORA DE FUNDOS GARANTIDORES E GARANTIAS S.A. – ABGF;     ;;
2721;CRÉDITO Y CAUCIÓN SEGURADORA DE CRÉDITO À EXPORTAÇÃO S.A.;     ;;
2682;BTG PACTUAL VIDA E PREVIDÊNCIA S.A.;     ;;
2674;ZENPLA SEGUROS S.A.;     ;;
2607;FELSEN SEGURADORA S.A.;     ;;
2577;COBUCCIO SEGUROS S.A.;     ;;
2542;OMINT SEGUROS SA;     ;;
2534;EFEITO SEGURADORA VIDA E PREVIDENCIA S.A.;     ;;
2461;AUSTRAL SEGURADORA S.A.;     ;;
2437;BTG PACTUAL SEGURADORA S.A.;     ;;
2321;CICLLOS SEGURADORA S.A.;     ;;
2305;BTG PACTUAL SEGUROS S.A.;     ;;
2275;SEGURADORA ALM S.A.;     ;;
2267;VOCÊ SEGURADORA S.A.;     ;;
2241;JUSTOS SEGUROS S.A.;     ;;
2143;ASSURANT SEGURADORA SA;     ;;
2119;ARUANA SEGURADORA S. A.;     ;;
2101;MONGERAL AEGON SEGUROS E PREVIDÊNCIA S. A.;     ;;
2071;AVLA SEGUROS BRASIL S.A.;     ;;
2062;LUIZASEG SEGUROS S.A.;     ;;
2054;KAPAM SEGURADORA S.A.;     ;;
2020;ATRADIUS CRÉDITO Y CAUCIÓN SEGURADORA S.A.;     ;;
1970;UNIMED SEGUROS PATRIMONIAIS S.A.;     ;;
1937;COMPREV VIDA E PREVIDÊNCIA S.A.;     ;;
1929;HDI SEGUROS DE AUTOMÓVEIS E BENS S/A  ;     ;;
1881;ARCESP SEGURADORA S.A.;     ;;
1864;REAG SEGURADORA S.A.;     ;;
1848;VINCI VIDA E PREVIDÊNCIA S.A.;     ;;
1805;OXXY SEGURADORA S/A;     ;;
1775;ACE SEGUROS SOLUÇÕES CORPORATIVAS S.A.;     ;;
1741;DAYCOVAL SEGUROS S.A.;     ;;
1627;SAFRA SEGUROS GERAIS S.A.;     ;;
1619;DAYPREV VIDA E PREVIDÊNCIA S.A.;     ;;
1589;SANTANDER AUTO S.A.;     ;;
1571;HDI GLOBAL SEGUROS S.A;     ;;
1554;EQ SEGUROS S.A.;     ;;
1546;BP SEGURADORA S.A.;     ;;
1511;LIGGÊRO SEGURADORA S.A.;     ;;
1503;FM SEGUROS S.A.;     ;;
1490;ESSOR SEGUROS S.A;     ;;
1481;HDI SEGUROS DO BRASIL S.A.;     ;;
1431;XL SEGUROS BRASIL S.A.;     ;;
1414;BERKLEY INTERNATIONAL DO BRASIL SEGUROS S/A;     ;;
1279;SOMBRERO SEGUROS S.A.;     ;;
1261;FACTA SEGURADORA S.A. ;     ;;
1147;FEDERAL VIDA E PREVIDÊNCIA S.A.;     ;;
1121;YOUSE SEGURADORA S.A.;     ;;
1091;SUIÇA SEGURADORA;     ;;
1066;SEGURADORA PONTUAL;     ;;
1058;BRADESCO AUTO/RE COMPANHIA DE SEGUROS ( INATIVA);     ;;
1015;ALLIANZ BRASIL SEGURADORA S.A;     ;;
-1007;SABEMI SEGURADORA S.A.;     ;;
444;BRADESCO SEGUROS S.A;     ;;
